{
  "status": "ok",
  "totalResults": 4233,
  "articles": [
    {
      "source": { "id": null, "name": "The Guardian" },
      "author": "Tanya Aldred at Southport",
      "title": "Lancashire v Hampshire, Notts v Warwickshire: county cricket – live",
      "description": "<ul><li>Live updates on day three of the Championship, 11am BST start</li><li>Get in touch! Email Tanya, tweet @TJAldred or post BTL</li></ul>Ashes minus three daysJust in case anyone missed this yesterday (I posted it quite late), some CCLive! readers have s…",
      "url": "https://www.theguardian.com/sport/live/2023/jun/13/lancashire-hampshire-notts-warks-county-cricket-live",
      "urlToImage": "https://i.guim.co.uk/img/media/8def14d52cec6a0c9d72b8c3c5090497bbb96804/0_352_5344_3207/master/5344.jpg?width=1200&height=630&quality=85&auto=format&fit=crop&overlay-align=bottom%2Cleft&overlay-width=100p&overlay-base64=L2ltZy9zdGF0aWMvb3ZlcmxheXMvdGctbGl2ZS5wbmc&enable=upscale&s=e24d40274bcd1ea723b8445bd0b3c309",
      "publishedAt": "2023-06-13T09:12:33Z",
      "content": "Just in case anyone missed this yesterday (I posted it quite late), some CCLive! readers have set up a fantasy Ashes league. If it is your sort of thing, click here to join. Free to play and enjoy.\r\n… [+3587 chars]"
    }
  ]
}
